tool	corr
MetaPhlAn v3.0	0.8789781162118032
MetaPhlAn2 v2.7	0.6039215709693422
mOTUs251_precision	0.5081166601945484
mOTUs251_recall	0.673390827810929
Bracken_208_25_refseq	0.7466082956835955
